ID,Productos,Ventas
96,"Klip Xtreme Audífonos Blast, Bluetooth, Inalámbrico, Negro/Verde",0
95,"Iogear Audífonos Gamer GHG601, Alámbrico, 1.2 Metros, 3.5mm, Negro",0
93,"Ginga Audífonos con Micrófono GI18ADJ01BT-RO, Bluetooth, Alámbrico/Inalámbrico, 3.5mm, Rojo",0
92,"Getttech Audífonos con Micrófono Sonority, Alámbrico, 1.2 Metros, 3.5mm, Negro/Rosa",0
91,"Genius GHP-400S Audífonos, Alámbrico, 1.5 Metros, Rosa",0
90,"Energy Sistem Audífonos con Micrófono Headphones 1, Bluetooh, Inalámbrico, Negro/Grafito",0
88,"Audífonos Gamer Balam Rush Orphix RGB 7.1, Alámbrico, USB, Negro",0
87,"Acer Audífonos Gamer Galea 300, Alámbrico, 3.5mm, Negro",0
86,"ASUS Audífonos Gamer ROG Theta 7.1, Alámbrico, USB C, Negro",0
83,"Ghia Bocina Portátil BX500, Bluetooth, Inalámbrico, 10W RMS, USB, Gris",0
